3.732939912813036720e+00,-7.674296520048420334e-01,7.281511597349062868e+02,5.224644071329000781e+02
nan,nan,1.059287054590360412e+03,1.989128321470174399e+02
nan,nan,6.411247469810084567e+02,2.732300228870515184e+02
3.818611553356036081e-01,1.394886947959791845e+00,5.405893537403652260e+01,7.851553139955044571e+02
nan,nan,1.411619010456978458e+02,1.744807735750129609e+02
8.261005243850100266e-01,1.173033617770489201e+00,6.326851585873720296e+01,7.377908558264527983e+02
1.631245550227962360e+00,-8.389248630317692745e-01,1.131657835821639765e+03,3.451332147887842439e+02
1.021244225277002204e+00,5.752606194240628135e-01,7.762046948205320973e+01,6.222526847546619138e+02
4.253473483170528091e+00,1.010648627886815865e+00,8.834235045174261813e+02,8.603951107048623044e+02
4.961574505086552733e+00,9.012102896383963335e-01,4.187647126775324296e+02,8.548475961276884618e+02
nan,nan,5.553021657860793994e+02,9.742589547886861965e+02
nan,nan,1.693819839193739796e+01,1.877770404790713883e+02
5.054072052329542153e+00,9.810692753082814743e-01,3.380566110267830595e+02,8.570174214145172300e+02
4.152748575643443907e+00,1.002203596598991275e+00,8.960490076656830070e+02,8.503961989654454783e+02
nan,nan,7.570134332271367157e+02,1.063072077678241385e+03
2.229280863503431576e+00,-2.148735147064068651e-01,1.032842670410135270e+03,4.905279773388569993e+02
1.681607889599287864e+00,-1.032871092485555309e+00,9.525429748701429844e+02,3.175653456477060104e+02
nan,nan,4.909354911854890702e+02,1.195310372929699270e+03
nan,nan,8.838054603556046231e+02,1.019831794915128171e+03
6.212736087067710855e+00,8.518181605224194319e-01,2.043846040131915061e+02,7.378214998519714527e+02
nan,nan,5.084457737989871617e+01,1.725668904039490599e+02
nan,nan,1.092592896175782755e+02,1.011879107358568262e+03
4.488820110681352560e+00,7.875446554239110553e-01,6.769193088886579517e+02,8.440900114745878682e+02
1.849798000254849084e+00,-3.110421647526843691e-01,1.111246646285324459e+03,4.512058028626196347e+02
nan,nan,4.022757517508725300e+02,2.284538888000917467e+01
nan,nan,7.498201746653534201e+02,1.116863022435152971e+03
nan,nan,8.410651994640653584e+02,1.064600585389262051e+03
nan,nan,2.326139869684166399e+02,8.727746557227136748e+01
nan,nan,6.123283262682824670e+02,2.257216919197371681e+02
3.293203630503107160e+00,-1.393157514134397701e-01,8.514517302116056499e+02,5.962982292189836926e+02
nan,nan,2.940897470574047929e+02,9.038218662898459570e+02
nan,nan,7.547850956186857729e+02,2.737532165222593790e+02
nan,nan,8.776575043261423161e+02,1.006899878198822535e+03
nan,nan,7.720295563993844326e+02,1.109611878773413274e+01
5.459327293460989772e+00,-7.296887252379556654e-02,4.380778187699675073e+02,6.521869884459729292e+02
nan,nan,3.847124394694514393e+01,2.984821156750439854e+02
nan,nan,9.951917446068478057e+02,2.696586884666700712e+01
2.337796571008258495e-01,-8.838038581361679080e-01,3.644762633788902235e+02,4.333503102218895719e+02
5.961888515216047679e+00,-1.349507339490728097e-01,3.555882788231194809e+02,6.010062630767736209e+02
nan,nan,2.049047943141897292e+02,1.005749329152455402e+03
4.742164550055995242e+00,3.783693898564806091e-01,5.741856266260277835e+02,7.683725891659711351e+02
1.455970613138058978e+00,-1.051637951394767345e+00,2.152836192227898664e+02,3.054804382392616162e+02
nan,nan,3.978821365128779348e+02,1.009363178472061577e+03
5.118444008401376699e+00,-1.123161689065168556e+00,5.528000399764733857e+02,4.768269539800299412e+02
1.689479577696060830e-01,-1.200127090448494638e+00,4.569657072717693609e+02,4.039588621483546831e+02
9.398121016858623777e-01,-5.816346524765821924e-01,1.738506999409746072e+02,4.157360505764829099e+02
2.552369236380945594e+00,7.742945504885168084e-02,9.963316852086571771e+02,5.663359613638609744e+02
5.017927838335769941e+00,7.651755186205168036e-01,4.474322889746205760e+02,8.292118265348979094e+02
3.080796011111133659e+00,-9.814097189214812111e-01,7.799765993263222299e+02,4.446778339644403104e+02
nan,nan,1.663801785619848488e+02,1.017882864620915484e+02
3.492430479244091668e+00,1.058891327102621460e+00,9.973152525885705018e+02,7.969315860000600651e+02
1.066908829618623988e+00,-7.790090949682476618e-01,1.795033237499465599e+02,3.737062763339733351e+02
4.654322495466834297e+00,1.012047906610378245e+00,5.913157808085383067e+02,8.899644662429975597e+02
nan,nan,6.422333422855324443e+02,1.069490787246474383e+03
nan,nan,1.390216055189104907e+02,1.620959343811697408e+02
4.730374243633757025e+00,1.061638787790189165e+00,3.074119188990514431e+02,8.925012917080202897e+02
4.937511526829815978e+00,1.115024237974634236e+00,2.068165731538003911e+02,8.729061716785844283e+02
1.699409711841744830e+00,-7.708449611561462023e-01,1.112953719018801849e+03,3.601324058169424234e+02
8.001945103824294192e-02,9.153439706994649372e-01,1.755557994966011393e+02,7.354738452668507307e+02
4.855687266905952093e+00,8.351629502879904798e-01,4.915298077324055157e+02,8.507510385734691454e+02
nan,nan,4.142212437630745967e+02,2.490882217297844647e+02
1.503608997080287502e+00,-4.455024566494212301e-01,1.371439175992827941e+00,4.182297965325842597e+02
nan,nan,2.934056316371865023e+02,1.142229920091062240e+03
3.255055328522955982e+00,-4.502988407727934739e-01,8.283754762649294889e+02,5.409688098766393978e+02
nan,nan,5.661694636922285326e+02,4.094888644513123666e+01
nan,nan,8.622148272380189837e+02,2.816531053513204483e+02
nan,nan,4.210638838251945231e+02,1.589943381436219454e+02
nan,nan,9.042626707905642434e+02,3.653230387058567885e+01
2.210537531157738655e+00,8.068179934620066385e-02,1.058581701081398023e+03,5.421158386686596486e+02
1.851286329380050777e+00,-8.851668995074505331e-01,1.014863316326206473e+03,3.498973466098710219e+02
2.820794633230394588e+00,-1.202473845797696894e+00,7.436749941762548133e+02,4.020916547242838988e+02
nan,nan,1.150192610743669320e+03,1.053067788460058409e+03
nan,nan,6.919069854507561104e+02,1.768699559637747143e+02
nan,nan,8.562889414835043453e+02,2.973274256636099153e+02
nan,nan,3.743807635275821895e+02,1.019482333987890797e+03
2.876280149179357704e+00,-1.175727702062631552e+00,7.492967818625453447e+02,4.078393368445233023e+02
1.462225825839472249e+00,-7.734199210691425908e-01,2.184807373866281921e+01,3.558443367268533279e+02
2.589968520140993324e-01,-1.744884562549153528e-01,2.620713609470799383e+02,5.412557780348253118e+02
1.556511205677215237e+00,6.869950831534110680e-01,1.192752606716212995e+03,6.346041948401004902e+02
7.182680529476739295e-01,-9.991075588599922508e-01,3.366800774070740658e+02,3.768306941434164514e+02
1.628272663017978017e+00,-9.748206277442665879e-01,1.073365307584866969e+03,3.208993281137481404e+02
3.908537299282828781e-01,-3.694965119997433156e-01,2.591415293209908555e+02,4.969155329351767705e+02
1.400977497731958010e+00,-1.012603783801617086e+00,1.633899714415870790e+02,3.143572418575213305e+02
4.344916785946192128e+00,1.074792727633761213e+00,9.388193560423903818e+02,8.720406547137497455e+02
2.971799086537739498e+00,3.870276237334867586e-01,9.544204952591651363e+02,6.546065765764128628e+02
1.445986454166893198e+00,-1.027383147091361248e+00,1.385279991075249484e+02,3.092626997849412760e+02
5.093135465573344067e-01,1.839173172136701895e-01,1.872376850186777801e+02,5.812401258296489459e+02
4.513275680556357194e+00,8.592413244411161166e-01,6.803917222667660099e+02,8.581186247611451563e+02
5.881970472023478003e+00,-9.244533611687858476e-01,4.489880897354819922e+02,4.768278161896766960e+02
5.315005760216145347e+00,8.974508494042081619e-01,3.246924704381292486e+02,8.238722642658705126e+02
2.416442336009014813e+00,1.651276986454353890e-01,1.027091421010834210e+03,5.711523759872280834e+02
nan,nan,7.691511820315434989e+01,1.037005458306774017e+03
nan,nan,3.095003061073134063e+02,1.011036791431233837e+03
nan,nan,7.270268586140826983e+02,9.734317541802795404e+02
5.771567862551503225e+00,-2.003084495435630552e-01,3.931863138155209185e+02,6.061655193390068916e+02
nan,nan,3.809365573416853294e+02,1.044875063669852352e+03
nan,nan,7.892916474457126697e+02,1.758658770168548529e+02
6.098770012578866861e+00,7.398560868300889659e-01,2.376042873211348478e+02,7.309421852222606049e+02
nan,nan,1.145769949708284457e+03,1.019120272943893156e+03
5.280058814208541840e+00,6.919011368769914516e-02,4.626317103057850204e+02,6.894177990349434140e+02
