4.340556653241984364e+00,-4.345920039016375469e-01,2.896785626848583206e+02,2.937755237490356421e+02
4.253339831782206204e+00,-4.347799751878513863e-01,5.565953641444484674e+02,4.797679629319187029e+02
4.274401581567483177e+00,-3.645857383325880052e-01,3.280324438813191819e+02,6.738988899758335265e+02
4.416924405207838689e+00,-4.260791299598651882e-01,3.923703892644000746e+01,1.492654144512951859e+02
4.308681941690095663e+00,-3.774452724158284811e-01,2.504425411734290492e+02,5.550824418972225658e+02
4.307010451111553451e+00,-4.604626549946710945e-01,4.527713110435610702e+02,2.798547929690034834e+02
4.342449439590019722e+00,-4.939346969512379282e-01,4.279951321397461470e+02,9.210310855497468197e+01
4.302506301756481299e+00,-4.586022088627506599e-01,4.619250170446332504e+02,2.956792825076092299e+02
4.304854599590846043e+00,-4.489808772629181322e-01,4.320418109356869536e+02,3.230253102134775531e+02
4.363567973391826449e+00,-3.978684090500498871e-01,1.301555405566214745e+02,3.642608240718473667e+02
4.324582028837681058e+00,-3.609709617851077912e-01,1.611699766037726818e+02,5.750610623052306210e+02
4.304738688216925624e+00,-3.294632096069587956e-01,1.483487407131240445e+02,7.260351442353706943e+02
4.338060426282135396e+00,-3.144164099335337581e-01,5.314537524874643815e+00,7.011022797404185667e+02
4.312877462609510992e+00,-5.201108515617028916e-01,5.776538467401041999e+02,6.672890958156777685e+01
4.315442340573703461e+00,-4.588358715713279912e-01,4.235561209032704255e+02,2.673234890579069543e+02
4.382841576997300592e+00,-4.710927992324217550e-01,2.533695079678908257e+02,7.938143069781571626e+01
4.253289043723675000e+00,-4.158549905687531356e-01,5.132637500306337870e+02,5.444581873082011043e+02
4.336733736552499607e+00,-4.325716848488140864e-01,2.963448901234850723e+02,3.088944052650274443e+02
4.343694996345782045e+00,-4.685641411533725820e-01,3.626563655359183258e+02,1.739312742383462194e+02
4.383202609130917082e+00,-3.885748782470254126e-01,4.702208531632611255e+01,3.501674919582465009e+02
4.371724089438045802e+00,-4.580840526984369943e-01,2.539056941173734003e+02,1.470447607798726608e+02
4.224920276892000004e+00,-5.071718101350334296e-01,8.089704548561026058e+02,2.888062989866101589e+02
4.385433323161590735e+00,-4.576474411270681775e-01,2.122557757165502323e+02,1.178339380875638795e+02
4.259280655476684885e+00,-5.513547530983482492e-01,8.082860993448782665e+02,6.845298922369769912e+01
4.266440829137950530e+00,-4.364591458202168872e-01,5.199986809699264541e+02,4.466395224516973599e+02
4.408942414245634822e+00,-4.266917448649252820e-01,6.467599256189136270e+01,1.657587425595072546e+02
4.288391972002998820e+00,-4.795767036760398283e-01,5.538437058429789204e+02,2.546109985139748346e+02
4.154453446600418154e+00,-4.162048612925203228e-01,8.287185327664232091e+02,7.464265606709263920e+02
4.358537875761574476e+00,-4.070990870711846399e-01,1.681769500600321976e+02,3.450416896208388948e+02
4.273829753301114920e+00,-5.506607626367729935e-01,7.641314874787218514e+02,4.206440028562670363e+01
4.324179259658037289e+00,-4.511718439047137652e-01,3.789692841719145235e+02,2.741877613352278900e+02
4.324481635417058101e+00,-4.082697635687722593e-01,2.751803432195309256e+02,4.168759173290796411e+02
4.217065680657221982e+00,-4.019847036186309785e-01,5.959075019912452262e+02,6.679723812673092880e+02
4.167939225143037163e+00,-4.344286154844108627e-01,8.248422047810088316e+02,6.551912784644800922e+02
4.258380995536537483e+00,-4.787727135192544892e-01,6.424542027824509205e+02,3.192596976151658055e+02
4.313473541661767108e+00,-5.267344397699657010e-01,5.918194342134565886e+02,4.311336688496496095e+01
4.337276942412796821e+00,-3.810347068594315267e-01,1.700509767232288993e+02,4.794205184568188542e+02
4.302621357000574243e+00,-5.355287251399328818e-01,6.444320021206639240e+02,3.566599634721276146e+01
4.197196314060863465e+00,-4.743725013269304847e-01,8.204486869287100035e+02,4.573799439165997569e+02
4.352845087165827742e+00,-3.852919330498502104e-01,1.322630244848696464e+02,4.302114400104941296e+02
4.413198184081367437e+00,-4.676532023398242144e-01,1.557741809635414256e+02,2.210787170015049341e+01
4.338917751723156080e+00,-3.650023490977186702e-01,1.260410637276916788e+02,5.292827705639003852e+02
4.282211281613673037e+00,-3.605197991327555029e-01,2.937344579766196375e+02,6.706318818170203713e+02
4.299285597268506010e+00,-5.238628863107577249e-01,6.263217813059295622e+02,8.210669344623737231e+01
4.392626716791251162e+00,-4.386073774921223634e-01,1.433778426621394999e+02,1.641262589685578064e+02
4.282373491784462693e+00,-4.863170064416530436e-01,5.877055813492671632e+02,2.442710289907984418e+02
4.240343134722887264e+00,-3.984781207629652378e-01,5.141305281801422780e+02,6.312183774078299621e+02
4.412311699378586027e+00,-4.179805679768384130e-01,3.252409218262591395e+01,1.864253537573780761e+02
4.351408963895187831e+00,-3.298898995579915838e-01,8.295699123404887132e-01,6.182993143976677857e+02
4.335091539720449916e+00,-4.865846832936553401e-01,4.317766772973283764e+02,1.324227002135244220e+02
4.393288044051630870e+00,-4.777504367898341986e-01,2.394161918674645051e+02,3.409900835173316835e+01
4.307922848562579787e+00,-4.529448394645883558e-01,4.321720746105038415e+02,3.031594324177256681e+02
4.300996780733902902e+00,-4.887147145996437181e-01,5.377798130867646478e+02,1.974397129832972553e+02
4.307803242178978032e+00,-3.497778241303419744e-01,1.871964836094137468e+02,6.503433449950014165e+02
4.316596514337094348e+00,-4.529692950699255038e-01,4.060846793903505727e+02,2.845036676891105571e+02
4.427790333297082270e+00,-4.277368689356873532e-01,1.099246121657333930e+01,1.185168555523954410e+02
4.215189619323167491e+00,-4.188048338962767070e-01,6.397007168166674091e+02,6.137234595836231392e+02
4.264286945464929701e+00,-5.353999970151978038e-01,7.562783006573660032e+02,1.135029568779246176e+02
4.228600525453566128e+00,-4.923431688719247523e-01,7.640828576468212532e+02,3.327766832161423736e+02
4.319953735467025879e+00,-3.915445761708226668e-01,2.490495890194590913e+02,4.828300730375114540e+02
4.249604629064782202e+00,-4.044341828353584245e-01,4.985773223987902725e+02,5.912495348088245919e+02
4.270548389445524506e+00,-4.468562580142568241e-01,5.314885087724966297e+02,4.027178936189332603e+02
4.335740902273008679e+00,-5.002340198902092139e-01,4.629341731586624746e+02,8.541128059246732107e+01
4.195753954613322456e+00,-4.409736159066656169e-01,7.506906945458601967e+02,5.764927672884215326e+02
4.420844281642765772e+00,-4.406433355368531424e-01,6.460595346714359266e+01,9.266313235494006051e+01
4.346975177301942495e+00,-4.361800258152341292e-01,2.741755966707250423e+02,2.743651514520947785e+02
4.272265010990388134e+00,-3.986239823183761466e-01,4.141242428991938027e+02,5.627809199141676118e+02
4.297330145479709707e+00,-3.602521376347493920e-01,2.452531685402851735e+02,6.382100543637860710e+02
4.330718310789938741e+00,-4.394707623052299117e-01,3.311575722828193875e+02,2.990622148995321936e+02
4.365451577968297414e+00,-4.630076966185175391e-01,2.846174250284224740e+02,1.446875070955844933e+02
4.379924442837829446e+00,-4.121926799049051016e-01,1.157439626824092755e+02,2.798523310809073905e+02
4.266022294571702567e+00,-4.354154822678092951e-01,5.188721086698514000e+02,4.510650313011183243e+02
4.338567197622477778e+00,-5.122984973848031531e-01,4.840001888418387352e+02,3.902120223087259632e+01
4.226073372497022973e+00,-4.290808983043344349e-01,6.285841162027885503e+02,5.558336679715765740e+02
4.345680029645406783e+00,-3.558341792389673186e-01,8.254213288799267900e+01,5.445966728148158609e+02
4.272533600992799663e+00,-3.685684188819288165e-01,3.432566852467795684e+02,6.644072934713813083e+02
4.309337537491254366e+00,-4.027573042686065641e-01,3.086430864833203032e+02,4.685516191389612572e+02
4.381959400818478123e+00,-3.862114552974180159e-01,4.494827668419323885e+01,3.608189797412301800e+02
4.335175848609094551e+00,-3.132057954785510967e-01,1.158400356982187951e+01,7.118305271795284170e+02
4.376966724191904134e+00,-4.802431449305769595e-01,2.933284820511658495e+02,6.226649348964092212e+01
4.291740377894004865e+00,-4.769244990708314536e-01,5.375608366820205219e+02,2.565917381551799963e+02
4.348377490034303960e+00,-5.056888613198726734e-01,4.393666413933568720e+02,4.016318382206775084e+01
4.285402177591949524e+00,-4.360046720601162829e-01,4.606964436113076999e+02,4.081546036091598921e+02
4.354424491960317667e+00,-3.379329934978537175e-01,1.111057863140386459e+01,5.844228185093436423e+02
4.308633578946881038e+00,-3.498287262335350589e-01,1.846894349460843898e+02,6.483151175421659218e+02
4.201126495810544981e+00,-4.398526336767547007e-01,7.312320001542198042e+02,5.695389514651736818e+02
4.333648535752133490e+00,-5.179197844597079881e-01,5.119443842041684434e+02,3.059645463056762082e+01
4.325489497622234225e+00,-4.264902451941524064e-01,3.158120796829954884e+02,3.537910110055264568e+02
4.296588841354063604e+00,-3.959120211791075095e-01,3.319310939290880356e+02,5.193925253919024954e+02
4.341889476925586244e+00,-3.480438424619517468e-01,7.541998847864402933e+01,5.792853077919829730e+02
4.274427148060860659e+00,-3.601875093063530153e-01,3.176666833340659082e+02,6.888275603417559978e+02
4.312041262775078820e+00,-3.148383998131205064e-01,8.978070773816317285e+01,7.592026557619660707e+02
4.314518984491322762e+00,-5.196875315755830060e-01,5.718503797279525998e+02,6.474500062643134868e+01
4.359099266166072795e+00,-3.778413306467888755e-01,9.468074854689024278e+01,4.407836825632331852e+02
4.347571492438945029e+00,-5.073791049598944669e-01,4.458420871961129706e+02,3.625161950814338496e+01
4.250452340555176178e+00,-3.491888360182667794e-01,3.687438734071939166e+02,7.788007825593278994e+02
4.310729317300538987e+00,-3.411095601940346000e-01,1.571644377051184165e+02,6.730935988487423174e+02
4.390950357113576175e+00,-3.923067510478542852e-01,3.262932182920523871e+01,3.200302998757859996e+02
4.264831340375370594e+00,-4.934169190743789013e-01,6.568939731316024790e+02,2.561197578275725846e+02
4.307681000068266819e+00,-4.230489420164647019e-01,3.619416957232216419e+02,4.040312243739322184e+02
