4.232420435678276860e+00,-8.373346437040348755e-01,6.158652989675796334e+02,2.448264910379750745e+02
4.683736750586204423e+00,-5.238384855776747617e-01,5.754745541126460466e+02,6.016022726928077873e+02
3.901735538480204823e+00,-2.568136329306321963e-01,1.185658388882527788e+03,3.327825022560855359e+02
3.854772561589575819e+00,-3.504135849350358822e-01,1.139882735787086858e+03,2.439705133544968874e+02
5.299230363545024858e+00,-1.048817125453574972e+00,6.776211709806419492e+01,3.295519300808259686e+02
5.450142736332096227e+00,-5.872687785459842491e-01,4.139195074331891533e+01,7.622062414322601853e+02
4.354167998735096745e+00,1.662568904510126067e-01,1.157561920822926368e+03,9.153443320623928230e+02
5.396977204176217846e+00,-3.086229770004310091e-01,1.396914781547232849e+02,1.006638186364221269e+03
4.900116456859163527e+00,-8.530276895922398461e-01,3.410550947451212096e+02,4.503290824383953463e+02
5.056442763102508842e+00,2.322903163120877343e-02,5.486473643129510265e+02,1.149225122879190394e+03
5.097028949584643698e+00,-7.549341121268825505e-01,2.694510768425953415e+02,5.610288185060363730e+02
5.142978627210504250e+00,-1.207597128404094500e+00,8.886351982735033062e+01,1.584469648290462942e+02
4.504146686380369857e+00,2.764580262140840516e-01,1.127071386677127521e+03,1.104068885468278722e+03
4.372583961715486467e+00,-4.252939773495826858e-01,7.782910808708849117e+02,5.329772608001422896e+02
4.724369624809341417e+00,-7.023990070477705849e-01,4.839048082576460388e+02,5.065953473174290593e+02
5.447732130234340886e+00,-2.930847621995177898e-01,8.647351193002306502e+01,1.045646254944103930e+03
3.993905478492866479e+00,-3.183508967298171455e-01,1.065039077267786070e+03,3.726899560709323396e+02
4.028275754806556641e+00,-3.011966214443520529e-01,1.054161939307083685e+03,4.061300740530745657e+02
5.048962361990207981e+00,-2.553394949359968913e-01,4.519705389489046752e+02,9.082045433662414098e+02
5.358975447914063217e+00,-5.850502770004833986e-01,1.247351624243242156e+02,7.454914895180972962e+02
5.039086293854577292e+00,-9.064267937249527174e-01,2.525164567182373787e+02,4.349824665916151503e+02
3.806870495674016475e+00,-5.962235584618308382e-01,9.581267600706044050e+02,8.962694664615575846e+01
4.434735683427428299e+00,-4.037306383431973344e-01,7.564430377193534696e+02,5.727825284258931333e+02
4.778079186260374200e+00,3.521493659621148520e-02,7.587188247196539805e+02,1.014205265063221191e+03
4.731499859030360966e+00,-9.721599330460038990e-01,3.627734613477623498e+02,3.254795734052050307e+02
4.209684020609217647e+00,-8.479238733448393184e-01,6.170605295580154461e+02,2.282463866080110222e+02
5.360578177051132265e+00,-6.061310800242533103e-01,1.194303892038156789e+02,7.278770552697768608e+02
5.016958445703362912e+00,-3.895588844941158535e-01,4.307169744584729187e+02,7.989539312568300602e+02
4.907224510422797614e+00,-2.554265454810691893e-01,5.481133034652826836e+02,8.522776184791770220e+02
4.802021379067689999e+00,-3.556712803548324753e-01,5.756149274314610693e+02,7.461193494198654435e+02
3.846785468270478958e+00,-2.984434218721163101e-01,1.193719164949934338e+03,2.624219276115439925e+02
4.860673606419975812e+00,9.996370333585245793e-02,7.337230435099235137e+02,1.114471488361758702e+03
4.505546251511812095e+00,3.014510176386757112e-01,1.149242733953686184e+03,1.133620485871593246e+03
5.152256572558462366e+00,-3.332164388496755003e-01,3.517726921421885891e+02,8.880423701451034049e+02
4.662589133554731369e+00,2.523873164228492838e-01,9.787897384654444295e+02,1.162209372577403656e+03
3.895980479925701623e+00,-7.171383810700036054e-01,8.198199674948541542e+02,1.093206737333169514e+02
4.694536827744337337e+00,1.401410512071149250e-01,8.770342075280661902e+02,1.064849498706932309e+03
4.314853746135507429e+00,-7.875229644981333876e-02,1.007381129133064519e+03,7.075954170490712158e+02
3.951405495130139833e+00,-2.641861898952657106e-01,1.139237743667321183e+03,3.693200856558258351e+02
5.437891778534025278e+00,-5.407103752429961441e-01,5.985592502963918804e+01,8.021402342129347289e+02
4.803588134973136192e+00,-3.407820046861552155e-01,5.803300420747352746e+02,7.561795751490697057e+02
5.450344390185249743e+00,-8.793938568032871883e-01,1.360513331493296008e+00,4.939047156996547301e+02
5.323247273733195506e+00,-1.025832919997501924e-01,2.635958034605917533e+02,1.179469243140884373e+03
4.577031062416756946e+00,-6.398591775481846655e-01,5.788862881713550905e+02,4.963279085677962144e+02
3.898925318363845705e+00,-5.857845268222520163e-01,9.194865037994014756e+02,1.712597977010883028e+02
4.662499732998393931e+00,2.317783383285997589e-01,9.632546163964229891e+02,1.139579934823658505e+03
3.937801089193316617e+00,-8.706808640723024961e-01,6.868595810529344590e+02,6.593120576076177031e+01
3.840970181044735643e+00,-5.904367630680720236e-01,9.452880752343621680e+02,1.219491356658371899e+02
4.817827987760177955e+00,-8.009277011269164692e-01,4.004484039677660689e+02,4.680177241974475919e+02
5.364737042094754216e+00,-4.256860302287020503e-01,1.496509968003999234e+02,8.852271264457078814e+02
5.465939264627043492e+00,-4.888565804483218646e-01,3.847227778733643788e+01,8.577076452294913906e+02
5.384349064900245452e+00,-6.640585394663383045e-01,8.888457599273466769e+01,6.824102005478431465e+02
4.953539878170930777e+00,-6.962605803349378730e-01,3.699444186241174179e+02,5.721542709436721452e+02
4.553313811118675503e+00,-1.275077769499774805e+00,2.251274486565171742e+02,1.583928296640735311e+01
4.254164272073492015e+00,-1.171664803974035163e+00,3.745251243548016191e+02,3.243254767506353886e+01
4.575835283801747089e+00,2.116662527557627849e-01,1.014993829336525437e+03,1.072684434297697862e+03
4.818946145006463233e+00,1.506096063218055059e-01,7.926205665413972383e+02,1.141215041220541480e+03
4.110412225394693309e+00,-2.410237193310192649e-01,1.040811714093185856e+03,4.931944636457564570e+02
4.691453771359261005e+00,-6.579899193365803534e-01,5.175825326493917373e+02,5.238539530575719709e+02
5.000128300799101311e+00,-8.910020163514146274e-01,2.777903494904153945e+02,4.408465946435078990e+02
3.860612058998067031e+00,-4.853474498310217933e-01,1.020575151998392244e+03,1.856563656345472282e+02
4.097292854594122069e+00,-3.815087987419522042e-01,9.544428272453905038e+02,4.093678274070905445e+02
5.398751604709691954e+00,-2.623810177064619387e-01,1.465919635386061373e+02,1.053682082257465481e+03
5.187788204039208928e+00,-5.298555173917498529e-01,2.720596279390057362e+02,7.487962086303290334e+02
4.220793358861026690e+00,-4.987979984583332804e-01,8.162575594564343646e+02,4.193600978134257957e+02
5.034262038027788932e+00,-1.049920295343040211e+00,2.011173681244460738e+02,3.126877255219386598e+02
4.665974543458878188e+00,2.737848068387184197e-01,9.929734398119593379e+02,1.188503248422435036e+03
3.753183616032079950e+00,-5.364326647812827087e-01,1.041669084331976364e+03,6.335711257874358893e+01
3.843116594750740855e+00,-3.699093011203569703e-01,1.131342350289520255e+03,2.239599796260942242e+02
4.113008372369577614e+00,-5.406598378829678975e-01,8.446781798469276055e+02,3.379813676598649295e+02
4.607051442275816200e+00,-1.626704117075901956e-01,7.729361856471484771e+02,7.910701360402118780e+02
4.241276997399398674e+00,-6.299509726500943652e-01,7.329503813031794834e+02,3.614853432565570870e+02
4.055569917964245263e+00,-1.075089783478234473e+00,4.947766651702154377e+02,1.923630027177329893e+01
5.140462042340260496e+00,-4.560080108927383469e-01,3.260160998729342055e+02,7.907514695525486559e+02
4.542717340083713751e+00,-4.874050759342003769e-02,8.718889489035444740e+02,8.391011027567594738e+02
4.527038803573891990e+00,2.040191027295194526e-01,1.047241009929124402e+03,1.039835405779506800e+03
4.937322256661816233e+00,-1.008696425347676978e-01,5.868415741943383637e+02,9.794056874411639910e+02
5.047101347635682522e+00,-1.085720571983251892e+00,1.807710920072321130e+02,2.806689204614120854e+02
5.101700247224934870e+00,-7.511399331589628525e-02,4.738630256180094875e+02,1.081072552435758098e+03
4.173865729351468268e+00,-2.934070413030631652e-01,9.645308923111676904e+02,5.023335071448391318e+02
4.208164002346093113e+00,-7.487575118029733412e-01,6.780120508000521795e+02,2.821181482108933665e+02
5.058825009486863422e+00,-1.320526535684760638e-01,4.868106678211291864e+02,1.010302988047576946e+03
4.335206549806244425e+00,-3.034276995615410935e-02,1.024740637557409173e+03,7.507869145081676834e+02
5.372604810394315145e+00,-2.635707560992319176e-01,1.740777501218916541e+02,1.039875977833284196e+03
4.932369808114635212e+00,-7.585973206521957612e-01,3.596872409656542118e+02,5.242717789363612155e+02
4.347444959128052844e+00,-1.049900764669651487e-01,9.684932760718567124e+02,7.072526698054889494e+02
5.344909345555339364e+00,-4.566843422034211342e-01,1.618948103581681437e+02,8.517993403232959508e+02
4.277214990373324532e+00,8.889808710401680969e-02,1.158037020234885631e+03,8.085845742897697619e+02
3.717276246878467472e+00,-5.421560232304715177e-01,1.058528727542415027e+03,2.354207145402984480e+01
4.338157607104411895e+00,1.913762104025241995e-01,1.193648757756073110e+03,9.301723212785116175e+02
4.676877059460660568e+00,-2.506719343288335011e-01,6.912558779692858479e+02,7.641084358732689452e+02
4.611050817508020927e+00,-1.015413307620507410e+00,3.845711683231014035e+02,2.631461716913910891e+02
4.843004144595661309e+00,-3.438581465156115291e-01,5.556968621942550044e+02,7.686617790137199790e+02
5.136144986113253985e+00,-6.927884934069216127e-01,2.634455092449356357e+02,6.149581424153950593e+02
4.235484580209730510e+00,-7.648942530458213707e-01,6.581191690730298660e+02,2.865674299866245178e+02
4.456962355948107302e+00,-8.077888543435041147e-02,9.101748652767010981e+02,7.767816105228197330e+02
3.904411828981990240e+00,-5.356890113018106803e-01,9.552066613803563087e+02,1.985352001681208378e+02
5.459793655943059321e+00,-5.537369963852951660e-01,3.636103915954333843e+01,7.951396232046995465e+02
5.328700542040027521e+00,-3.401316394517198138e-01,2.011140431741059444e+02,9.488405604264133899e+02
5.207485968235978646e+00,-1.266119535251096329e+00,3.877374042811836574e+01,8.733336181735774062e+01
